title,description,channel,published,views,link
EN Jeju Island Ultimate Food Guide End Your Search Here,This one video gives you the complete food list for Jeju From cutlassfish black pork to local dishes everything covered,호텔 민드럼 Hotel Mindrum,6 days ago,30K views,https://www.youtube.com/watch?v=tFZSKi_Z2nY
관광객 만족도 꼴찌 제주도를 외면한 사람들의 충격 고백 KBS 20250318 방송,제주 관광 불만족 이유는전국 17개 시도 물가 비교 KBS는 제주 관광에 대한 인식 조사를 진행했습니다 전국의 2069세 남녀 1천,KBS 다큐,1 day ago,74K views,https://www.youtube.com/watch?v=UuGtRs5TfLg
A vlog filled with romance during summer in Jeju Pragya Yoga Center Gimnyeong Seongsegi Beach,Hello Im Name a newbie in this life I really want to edit but I dont have time these days I have so much to say and I,나메namae ,2 days ago,9.4K views,https://www.youtube.com/watch?v=SO8_6JpY97U
2025 중등축구ㅣ제주제주제일중 vs 인천FC남동U15ㅣ청풍그룹 조별예선ㅣ250817ㅣ제천종합운동장ㅣ2025 제천의병 추계 중등 U15 축구대회,2025 중등축구ㅣ 제주제주 제일중 vs 인천FC남동U15ㅣ청풍그룹 조별예선ㅣ250817ㅣ제천종합운동장ㅣ2025 제천의병 추계 중등,iTOP21sports,Streamed 4 days ago,2.2K views,https://www.youtube.com/watch?v=eOel35JwdXg
아름다운 제주 제주국제공항 항공기 이착륙Jeju International Airport Aircraft Takeoff Landing,제주 특별자치도 제주시 공항로 2용담동에 위치한 국제공항이다 제주도 와 육지를 이어주는 관문 역할을 하고 있다 일제강점기 시기,용암연인 Eternal Lover,3 years ago,52K views,https://www.youtube.com/watch?v=LNAMK-OcELg
제주도민도 잘 모르는 새로운 풍경 올레길 따라 제주 한 바퀴 올레 1코스부터 10코스까지 제주 동부 걷기 여행 먼바당 거믄땅 KBS 160101 방송,2016년 신년특집 다큐멘터리 먼바당 거믄땅 2부작 1부 물에 비친 서귀포 2016년 1월 1일 방송 올레 1코스부터 10코스를 일주하며,KBS 다큐,3 years ago,172K views,https://www.youtube.com/watch?v=g_7CniDu-k4
집중토론 제주 제주평화대공원 무엇을 담아야 하나 2025년 08월 20일,집중토론 제주 제주 평화대공원 알뜨르 송악산 세계문화유산 제주경제 재주역사 제주도 제주 특별자치도 kbs 캔디,캔디 KANDY_KBS제주,Streamed 1 day ago,153 views,https://www.youtube.com/watch?v=2sw2309F2Cg
이제 중국인 없으면 망하는 제주도 충격적인 제주관광상권의 근황,급감하는 내국인 관광객에 심각한 수준으로 폐업률이 증가한 제주도 내 주요관광상권을 직접 방문해 제주 관광의 현주소를 분석해,정보의 신,2 months ago,201K views,https://www.youtube.com/watch?v=K-nQ_WYh0GI
설민석의 역사특강 당신이 몰랐던 제주 이야기 제주43사건,20180403 방영 제주 KBS 제작,KBS 교양,5 years ago,4.8M views,https://www.youtube.com/watch?v=9nHV38_ozjk
A 3night 4day Jeju summer vacation vlog full of healing Ocean swimming is romantic Esc,Everyone Its been a while I really missed you I went to Jeju Island a year and a half after coming here during the winter,민지네 minji’s house,2 days ago,9.9K views,https://www.youtube.com/watch?v=ZRXiWO7W7Zw
인맥 천재 김영철 도민들만 아는 제주 맛집 전부 폭로부승관 전화 연결,안녕 덕덕이들 오늘은 휴가로 다녀온 제주도 여행 2편이야 지난주부터 계속됐던 찐도민 추천 여행 도민들만 아는 비밀,김영철 오리지널 ,6 days ago,77K views,https://www.youtube.com/watch?v=t_1cSoi3ayw
제주도 서귀포 마라도 cctv 지금 날씨 실시간 제주 오늘 라이브 캠 펀제주 제주여행 필수영상 Jeju Island in South Korea Live Cam,50여개의 CCTV 제주 날씨 제주 도민맛집 궁금할땐 검색창에 펀 제주 만 검색하세요 월정 김녕 중문 애월 함덕 이호테우 논짓물,펀제주,,,https://www.youtube.com/watch?v=v4Tq4z41flI
제주경마는 신사고 내용의 급이 다른 예상 금요제주 8월 22일,0000 인트로 0326 제주 1경주 0620 제주 2경주 1140 제주 3경주 추천경주 1404 제주 4경주 1707 제주 5경주 추천경주 2012,신사고경마,8 hours ago,3.4K views,https://www.youtube.com/watch?v=hAxH_sBZDjU
급매 전세도 가능합니다 매매 금액도 내렸어요 풀 옵션으로 꾸며 놓았으니 지금 바로 확인하세요,채널에 가입하여 혜택을 누려보세요 httpswwwyoutubecomchannelUCZfYQCVJT7AohYLHpOyVbuAjoin 유튜브 제주도,제주도부동산TV,1 day ago,12K views,https://www.youtube.com/watch?v=1DjICeoOQ6g
일본 소도시가서 절대 쎈척하지마세요,일본 소도시 중에서 1황으로 손꼽히는 이곳 일단 한잔해보면 바로 알 수 있습니다 함께 보면 더 재밌는 영상 1번 おすすめ動画,제주커플jeju-couple,5 days ago,107K views,https://www.youtube.com/watch?v=iOk6KlhUiJ0
갬성 따라 제주도 서쪽 여행 당일치기 feat 밤낚시를 곁들인,만취 제주도 로 낚시를 왔어요 낚시를 밤에 갈거라서 낮에 제주도 여행을 짧게 했어요 날씨가 너무 좋았다리 사진도 예쁘게 잘,만취경수진,6 days ago,58K views,https://www.youtube.com/watch?v=BGgHZu8L0jo
펀제주 실시간 제주도 날씨 제주 제주공항 라이브캠 Jeju Island in South Korea Live Cam,50여개의 CCTV 제주 날씨 제주 도민맛집 궁금할땐 검색창에 펀 제주 만 검색하세요 월정 김녕 중문 애월 함덕 이호테우 논짓물,펀제주,,,https://www.youtube.com/watch?v=xq0_EOQdtls
제주도 애월에 있는 곳이에요 M001 파격적인 금액으로 소개합니다,작은방 월 70만원큰방 월85만원 관리비 10만원 본 영상은 중개 매물이 아닌 단순 소개 영상입니다 전화 주시면 주인 분과 바로,제주도부동산TV,4 days ago,8.6K views,https://www.youtube.com/watch?v=aeowyHM2V7k
2025 중등축구ㅣ제주제주제일중 vs 충남계룡시스포츠클럽U15ㅣ청풍그룹 20강 2경기ㅣ250819ㅣ제천축구센터1구장ㅣ2025 제천의병 추계 중등 U15 축구대회,2025 중등축구ㅣ 제주제주 제일중 vs 충남계룡시스포츠클럽U15ㅣ청풍그룹 20강 2경기ㅣ250819ㅣ제천축구센터1구장ㅣ2025 제천,iTOP21sports,Streamed 2 days ago,1.6K views,https://www.youtube.com/watch?v=kUbXONq1owQ
2박3일꽉채운 제주여행 vlog 대폭염주의 사람없는 예쁜 오름 추천 제주도숙소추천 에코랜드 금능해변 너흐 대존맛 흑돼지집까지,Business contact httpswwwinstagramcomu_usiino jjjys77gmailcom 안냥하세요 7월 여름휴가겸 제생일 겸,시노 siinofilm,10 days ago,13K views,https://www.youtube.com/watch?v=-DIaPsf9ZBM
